僇乕僪柤徧,僙僝儞僑乕儖僪丒傾儊儕僇儞丒僄僉僗僾儗僗丒僇乕僪
偍巟暐擔,2025/09/04
崱夞偛惪媮妟,0000248821

棙梡擔,偛棙梡揦柤媦傃彜昳柤,杮恖丒壠懓嬫暘,巟暐嬫暘柤徧,掲慜擖嬥嬫暘,棙梡嬥妟,旛峫
2025/06/28,ETC摿暿妱堷 (栘峏捗戞堦仺栘峏捗戞堦),,1夞,,800,
2025/06/29,ETC摿暿妱堷 (栘峏捗嬥揷仺栘峏捗嬥揷),,1夞,,400,
2025/06/30,僪僐儌偛棙梡椏嬥,,1夞,,7734,
2025/07/01,儌僶僀儖曐尟,,1夞,,700,
2025/07/05,ETC娐嫬妱堷 (墶怴庪応愙仺榩搶傾僋愙),,1夞,,950,
2025/07/05,ETC摿暿妱堷 (栘峏捗戞堦仺栘峏捗戞堦),,1夞,,800,
2025/07/05,ETC摿暿妱堷 (晉巑媑揷惣仺憡柾屛),,1夞,,910,
2025/07/06,ETC摿暿妱堷 (栘峏捗嬥揷仺栘峏捗嬥揷),,1夞,,400,
2025/07/08,搶嫗僈僗 1888-822-1050,1,1夞,,6216,
2025/07/11,搶媫揹揝掕婜寯,,1夞,,21130,
2025/07/12,恄撧愳導塩悈摴忋壓悈摴椏嬥,1,1夞,,11287,
2025/07/13,Voicy,,1夞,,980,
2025/07/14,DEEPL* SUB:2756208 CUS,,1夞,,1200,
2025/07/15,僶僕僃僢僩丒儗儞僞僇乕撨攅嬻峘揦,,1夞,,25480,
2025/07/16,傾儅僝儞 JP 儅乕働僢僩僾儗僀僗,1,1夞,,-1238,
2025/07/18,偆傞儅儖僔僃,,1夞,,3737,
2025/07/18,儔僀僽僴僂僗搰塖,,1夞,,9910,
2025/07/18,ENEOS,,1夞,,5441,
2025/07/19,ETC怺栭妱堷 (墶昹挰揷仺戝婭杮慄),,1夞,,7070,
2025/07/19,傾儅僝儞 僔乕僆乕僕僃乕僺乕,1,1夞,,1622,
2025/07/19,嫗昹媫峴僶僗,1,1夞,,3400,
2025/07/20,WRAPTAS - PERAICHI INC,,1夞,,1078,
2025/07/21,ETC怺栭妱堷 (戝婭杮慄仺墶昹挰揷),,1夞,,7070,
2025/07/21,ZOOM.COM 888-799-9666,1,1夞,,2484,
2025/07/22,Audible an Amazon Compan,,1夞,,1500,
2025/07/22,僷儖僔僗僥儉恄撧愳乲憹帒摍乴,,1夞,,800,
2025/07/22,僷儖僔僗僥儉恄撧愳乲嫟嵪妡嬥乴,,1夞,,9360,
2025/07/22,僷儖僔僗僥儉恄撧愳乲揹椡乴,,1夞,,11222,
2025/07/22,僷儖僔僗僥儉恄撧愳乲戭攝棙梡戙嬥乴,,1夞,,77947,
2025/07/24,NTT搶擔杮偛棙梡椏嬥,,1夞,,7354,
2025/07/24,Netflix(摨) -搶嫗搒 峘嬫,,1夞,,1190,
2025/07/25,Apple iTunes Store,,1夞,,150,
2025/07/26,ETC摿暿妱堷 (寳墰岤栘仺壨岥屛),,1夞,,1920,
2025/07/26,ANTHROPIC,,1夞,,767,尰抧捠壿妟:5.00 USD
,(SAN FRANCISCO),,,,,墌姺嶼儗乕僩:7/26 153.4000
2025/07/28,Apple iTunes Store,,1夞,,150,
2025/07/29,傾儅僝儞 僔乕僆乕僕僃乕僺乕,,1夞,,698,
2025/08/01,傑偖傑偖!,,1夞,,880,
2025/08/01,傾僼儔僢僋,,1夞,,3120,
2025/08/02,Apple iTunes Store,,1夞,,150,
2025/08/03,Apple iTunes Store,,1夞,,1680,
2025/08/04,傾儅僝儞 JP 儅乕働僢僩僾儗僀僗,,1夞,,1074,
2025/08/04,傾儅僝儞 JP 儅乕働僢僩僾儗僀僗,,1夞,,1580,
2025/08/04,WEBLIO.CO.JP,1,1夞,,330,
2025/08/08,OPENAI *CHATGPT SUBSCR,,1夞,,3371,尰抧捠壿妟:22.00 USD
,(SAN FRANCISCO),,,,,墌姺嶼儗乕僩:8/08 153.2273
2025/08/10,儓僪僶僔丒僪僢僩丒僐儉,,1夞,,4017,
